ETYearPM25,ETYearPM10
14.2242521807,182.070427913
